{
  "task_accuracies": {
    "commonsense_qa": 0.5835380835380836,
    "boolq": 0.4365
  },
  "avg_in_domain_accuracy": 0.5835380835380836,
  "avg_out_domain_accuracy": 0.4365,
  "model_updating_capacity": 0.3946264526910252,
  "relative_output_change": 0.0,
  "timestamp": "2025-07-06T01:10:56.862086",
  "checkpoint_path": "./results_lora_20250706_000217/final_model"
}